,game_date,game_id,league_name,level,Team,team_id,road_team,home_team,game_type,venue,Player,player_id,batting_order,AB,R,H,2B,3B,HR,RBI,SB,CS,BB,SO,IBB,HBP,SH,SF,GIDP
0,2025-03-18,778563,MLB,MLB,LAD,119,LAD,CHC,R,Tokyo Dome,Will Smith,669257,400.0,2,0,1,0,0,0,1,0,0,3,0,0,0,0,0,0
1,2025-03-18,778563,MLB,MLB,LAD,119,LAD,CHC,R,Tokyo Dome,Michael Conforto,624424,700.0,4,0,1,1,0,0,0,0,0,0,1,0,0,0,0,0
2,2025-03-18,778563,MLB,MLB,LAD,119,LAD,CHC,R,Tokyo Dome,Enrique Hernández,571771,600.0,5,0,0,0,0,0,0,0,0,0,1,0,0,0,0,0
3,2025-03-18,778563,MLB,MLB,LAD,119,LAD,CHC,R,Tokyo Dome,Max Muncy,571970,500.0,3,0,0,0,0,0,0,0,0,2,2,0,0,0,0,0
4,2025-03-18,778563,MLB,MLB,LAD,119,LAD,CHC,R,Tokyo Dome,Tommy Edman,669242,200.0,5,0,1,0,0,0,1,0,0,0,0,0,0,0,0,0
5,2025-03-18,778563,MLB,MLB,LAD,119,LAD,CHC,R,Tokyo Dome,Shohei Ohtani,660271,100.0,5,2,2,1,0,0,0,0,0,0,1,0,0,0,0,0
6,2025-03-18,778563,MLB,MLB,LAD,119,LAD,CHC,R,Tokyo Dome,Teoscar Hernández,606192,300.0,4,1,1,0,0,0,1,0,0,1,1,0,0,0,0,0
7,2025-03-18,778563,MLB,MLB,LAD,119,LAD,CHC,R,Tokyo Dome,Andy Pages,681624,900.0,2,1,0,0,0,0,0,0,0,2,2,0,0,0,0,0
8,2025-03-18,778563,MLB,MLB,LAD,119,LAD,CHC,R,Tokyo Dome,Miguel Rojas,500743,800.0,4,0,1,0,0,0,0,0,0,0,1,0,0,0,0,0
9,2025-03-18,778563,MLB,MLB,CHC,112,LAD,CHC,R,Tokyo Dome,Kyle Tucker,663656,300.0,4,0,0,0,0,0,0,0,0,0,0,0,0,0,0,0
10,2025-03-18,778563,MLB,MLB,CHC,112,LAD,CHC,R,Tokyo Dome,Ian Happ,664023,100.0,3,0,1,0,0,0,0,0,0,1,2,0,0,0,0,0
11,2025-03-18,778563,MLB,MLB,CHC,112,LAD,CHC,R,Tokyo Dome,Michael Busch,683737,400.0,3,0,0,0,0,0,0,0,0,0,0,0,0,0,0,0
12,2025-03-18,778563,MLB,MLB,CHC,112,LAD,CHC,R,Tokyo Dome,Pete Crow-Armstrong,691718,700.0,3,0,0,0,0,0,0,0,0,0,1,0,0,0,0,0
13,2025-03-18,778563,MLB,MLB,CHC,112,LAD,CHC,R,Tokyo Dome,Miguel Amaya,665804,800.0,3,0,1,1,0,0,1,0,0,0,1,0,0,0,0,0
14,2025-03-18,778563,MLB,MLB,CHC,112,LAD,CHC,R,Tokyo Dome,Seiya Suzuki,673548,200.0,4,0,0,0,0,0,0,0,0,0,1,0,0,0,0,0
15,2025-03-18,778563,MLB,MLB,CHC,112,LAD,CHC,R,Tokyo Dome,Jon Berti,542932,900.0,2,0,0,0,0,0,0,1,0,0,1,0,1,0,0,0
16,2025-03-18,778563,MLB,MLB,CHC,112,LAD,CHC,R,Tokyo Dome,Dansby Swanson,621020,600.0,3,1,1,0,0,0,0,0,0,0,1,0,0,0,0,0
17,2025-03-18,778563,MLB,MLB,CHC,112,LAD,CHC,R,Tokyo Dome,Justin Turner,457759,401.0,1,0,0,0,0,0,0,0,0,0,0,0,0,0,0,0
18,2025-03-18,778563,MLB,MLB,CHC,112,LAD,CHC,R,Tokyo Dome,Matt Shaw,807713,500.0,4,0,0,0,0,0,0,0,0,0,2,0,0,0,0,0
19,2025-03-19,778564,MLB,MLB,LAD,119,LAD,CHC,R,Tokyo Dome,Will Smith,669257,400.0,2,2,1,1,0,0,0,0,0,2,0,0,0,0,0,0
20,2025-03-19,778564,MLB,MLB,LAD,119,LAD,CHC,R,Tokyo Dome,Michael Conforto,624424,700.0,3,0,1,0,0,0,0,0,0,1,1,0,0,0,0,0
21,2025-03-19,778564,MLB,MLB,LAD,119,LAD,CHC,R,Tokyo Dome,Enrique Hernández,571771,600.0,3,1,1,0,0,1,3,0,0,0,1,0,0,0,1,0
22,2025-03-19,778564,MLB,MLB,LAD,119,LAD,CHC,R,Tokyo Dome,Max Muncy,571970,500.0,4,1,1,1,0,0,0,0,0,0,1,0,0,0,0,0
23,2025-03-19,778564,MLB,MLB,LAD,119,LAD,CHC,R,Tokyo Dome,Tommy Edman,669242,200.0,5,1,1,0,0,1,1,0,0,0,2,0,0,0,0,1
24,2025-03-19,778564,MLB,MLB,LAD,119,LAD,CHC,R,Tokyo Dome,Shohei Ohtani,660271,100.0,3,1,1,0,0,1,1,0,0,2,0,1,0,0,0,0
25,2025-03-19,778564,MLB,MLB,LAD,119,LAD,CHC,R,Tokyo Dome,Teoscar Hernández,606192,300.0,4,0,0,0,0,0,0,0,0,0,1,0,0,0,0,0
26,2025-03-19,778564,MLB,MLB,LAD,119,LAD,CHC,R,Tokyo Dome,Andy Pages,681624,900.0,3,0,1,1,0,0,0,0,0,1,2,0,0,0,0,0
27,2025-03-19,778564,MLB,MLB,LAD,119,LAD,CHC,R,Tokyo Dome,Miguel Rojas,500743,800.0,3,0,0,0,0,0,0,0,0,1,1,0,0,0,0,2
28,2025-03-19,778564,MLB,MLB,CHC,112,LAD,CHC,R,Tokyo Dome,Kyle Tucker,663656,300.0,4,0,1,1,0,0,1,0,0,1,0,0,0,0,0,0
29,2025-03-19,778564,MLB,MLB,CHC,112,LAD,CHC,R,Tokyo Dome,Ian Happ,664023,100.0,4,0,1,0,0,0,1,0,0,1,1,0,0,0,0,0
30,2025-03-19,778564,MLB,MLB,CHC,112,LAD,CHC,R,Tokyo Dome,Michael Busch,683737,400.0,3,0,0,0,0,0,0,1,0,1,3,0,0,0,0,0
31,2025-03-19,778564,MLB,MLB,CHC,112,LAD,CHC,R,Tokyo Dome,Carson Kelly,608348,800.0,3,1,1,0,0,0,0,0,0,1,0,0,0,0,0,0
32,2025-03-19,778564,MLB,MLB,CHC,112,LAD,CHC,R,Tokyo Dome,Pete Crow-Armstrong,691718,700.0,4,0,0,0,0,0,0,0,0,0,2,0,0,0,0,0
33,2025-03-19,778564,MLB,MLB,CHC,112,LAD,CHC,R,Tokyo Dome,Seiya Suzuki,673548,200.0,4,0,0,0,0,0,0,0,0,1,3,0,0,0,0,0
34,2025-03-19,778564,MLB,MLB,CHC,112,LAD,CHC,R,Tokyo Dome,Jon Berti,542932,900.0,4,1,3,0,0,0,0,1,0,0,0,0,0,0,0,0
35,2025-03-19,778564,MLB,MLB,CHC,112,LAD,CHC,R,Tokyo Dome,Dansby Swanson,621020,600.0,3,0,1,1,0,0,1,0,0,1,1,0,0,0,0,0
36,2025-03-19,778564,MLB,MLB,CHC,112,LAD,CHC,R,Tokyo Dome,Vidal Bruján,660644,402.0,0,0,0,0,0,0,0,0,0,0,0,0,0,0,0,0
37,2025-03-19,778564,MLB,MLB,CHC,112,LAD,CHC,R,Tokyo Dome,Justin Turner,457759,401.0,0,0,0,0,0,0,0,0,0,1,0,0,0,0,0,0
38,2025-03-19,778564,MLB,MLB,CHC,112,LAD,CHC,R,Tokyo Dome,Matt Shaw,807713,500.0,5,1,1,0,0,0,0,0,0,0,2,0,0,0,0,0
39,2025-03-27,778547,MLB,MLB,OAK,133,OAK,SEA,R,T-Mobile Park,Lawrence Butler,671732,100.0,0,0,0,0,0,0,0,0,0,0,0,0,0,0,0,0
40,2025-03-27,778547,MLB,MLB,OAK,133,OAK,SEA,R,T-Mobile Park,Luis Severino,622663,,0,0,0,0,0,0,0,0,0,0,0,0,0,0,0,0
41,2025-03-27,778547,MLB,MLB,OAK,133,OAK,SEA,R,T-Mobile Park,Brent Rooker,667670,200.0,0,0,0,0,0,0,0,0,0,0,0,0,0,0,0,0
42,2025-03-27,778547,MLB,MLB,OAK,133,OAK,SEA,R,T-Mobile Park,Gio Urshela,570482,700.0,0,0,0,0,0,0,0,0,0,0,0,0,0,0,0,0
43,2025-03-27,778547,MLB,MLB,OAK,133,OAK,SEA,R,T-Mobile Park,Max Muncy,691777,800.0,0,0,0,0,0,0,0,0,0,0,0,0,0,0,0,0
44,2025-03-27,778547,MLB,MLB,OAK,133,OAK,SEA,R,T-Mobile Park,Tyler Soderstrom,691016,600.0,0,0,0,0,0,0,0,0,0,0,0,0,0,0,0,0
45,2025-03-27,778547,MLB,MLB,OAK,133,OAK,SEA,R,T-Mobile Park,Miguel Andujar,609280,500.0,0,0,0,0,0,0,0,0,0,0,0,0,0,0,0,0
46,2025-03-27,778547,MLB,MLB,OAK,133,OAK,SEA,R,T-Mobile Park,Shea Langeliers,669127,400.0,0,0,0,0,0,0,0,0,0,0,0,0,0,0,0,0
47,2025-03-27,778547,MLB,MLB,OAK,133,OAK,SEA,R,T-Mobile Park,JJ Bleday,668709,300.0,0,0,0,0,0,0,0,0,0,0,0,0,0,0,0,0
48,2025-03-27,778547,MLB,MLB,OAK,133,OAK,SEA,R,T-Mobile Park,Jacob Wilson,805779,900.0,0,0,0,0,0,0,0,0,0,0,0,0,0,0,0,0
49,2025-03-27,778547,MLB,MLB,SEA,136,OAK,SEA,R,T-Mobile Park,Victor Robles,645302,100.0,0,0,0,0,0,0,0,0,0,0,0,0,0,0,0,0
50,2025-03-27,778547,MLB,MLB,SEA,136,OAK,SEA,R,T-Mobile Park,Randy Arozarena,668227,400.0,0,0,0,0,0,0,0,0,0,0,0,0,0,0,0,0
51,2025-03-27,778547,MLB,MLB,SEA,136,OAK,SEA,R,T-Mobile Park,J.P. Crawford,641487,900.0,0,0,0,0,0,0,0,0,0,0,0,0,0,0,0,0
52,2025-03-27,778547,MLB,MLB,SEA,136,OAK,SEA,R,T-Mobile Park,Rowdy Tellez,642133,700.0,0,0,0,0,0,0,0,0,0,0,0,0,0,0,0,0
53,2025-03-27,778547,MLB,MLB,SEA,136,OAK,SEA,R,T-Mobile Park,Cal Raleigh,663728,300.0,0,0,0,0,0,0,0,0,0,0,0,0,0,0,0,0
54,2025-03-27,778547,MLB,MLB,SEA,136,OAK,SEA,R,T-Mobile Park,Logan Gilbert,669302,,0,0,0,0,0,0,0,0,0,0,0,0,0,0,0,0
55,2025-03-27,778547,MLB,MLB,SEA,136,OAK,SEA,R,T-Mobile Park,Ryan Bliss,669208,800.0,0,0,0,0,0,0,0,0,0,0,0,0,0,0,0,0
56,2025-03-27,778547,MLB,MLB,SEA,136,OAK,SEA,R,T-Mobile Park,Julio Rodríguez,677594,200.0,0,0,0,0,0,0,0,0,0,0,0,0,0,0,0,0
57,2025-03-27,778547,MLB,MLB,SEA,136,OAK,SEA,R,T-Mobile Park,Jorge Polanco,593871,600.0,0,0,0,0,0,0,0,0,0,0,0,0,0,0,0,0
58,2025-03-27,778547,MLB,MLB,SEA,136,OAK,SEA,R,T-Mobile Park,Luke Raley,670042,500.0,0,0,0,0,0,0,0,0,0,0,0,0,0,0,0,0
59,2025-03-27,778551,MLB,MLB,MIN,142,MIN,STL,R,Busch Stadium,Willi Castro,650489,700.0,0,0,0,0,0,0,0,0,0,1,0,0,0,0,0,0
60,2025-03-27,778551,MLB,MLB,MIN,142,MIN,STL,R,Busch Stadium,Ryan Jeffers,680777,500.0,1,0,0,0,0,0,0,0,0,0,0,0,0,0,0,0
61,2025-03-27,778551,MLB,MLB,MIN,142,MIN,STL,R,Busch Stadium,Ty France,664034,600.0,1,0,1,0,0,0,0,0,0,0,0,0,0,0,0,0
62,2025-03-27,778551,MLB,MLB,MIN,142,MIN,STL,R,Busch Stadium,Harrison Bader,664056,900.0,1,0,0,0,0,0,0,0,0,0,0,0,0,0,0,0
63,2025-03-27,778551,MLB,MLB,MIN,142,MIN,STL,R,Busch Stadium,Carlos Correa,621043,200.0,2,0,0,0,0,0,0,0,0,0,1,0,0,0,0,0
64,2025-03-27,778551,MLB,MLB,MIN,142,MIN,STL,R,Busch Stadium,Jose Miranda,669304,800.0,1,0,0,0,0,0,0,0,0,0,1,0,0,0,0,0
65,2025-03-27,778551,MLB,MLB,MIN,142,MIN,STL,R,Busch Stadium,Trevor Larnach,663616,400.0,1,0,1,0,0,0,0,0,0,0,0,0,0,0,0,0
66,2025-03-27,778551,MLB,MLB,MIN,142,MIN,STL,R,Busch Stadium,Byron Buxton,621439,300.0,2,0,0,0,0,0,0,0,0,0,0,0,0,0,0,0
67,2025-03-27,778551,MLB,MLB,MIN,142,MIN,STL,R,Busch Stadium,Matt Wallner,670242,100.0,2,0,0,0,0,0,0,0,0,0,0,0,0,0,0,0
68,2025-03-27,778551,MLB,MLB,STL,138,MIN,STL,R,Busch Stadium,Jordan Walker,691023,700.0,1,1,1,0,0,0,0,0,1,0,0,0,0,0,0,0
69,2025-03-27,778551,MLB,MLB,STL,138,MIN,STL,R,Busch Stadium,Victor Scott II,687363,800.0,1,0,0,0,0,0,0,0,0,0,0,0,0,0,0,0
70,2025-03-27,778551,MLB,MLB,STL,138,MIN,STL,R,Busch Stadium,Willson Contreras,575929,200.0,2,0,0,0,0,0,0,0,0,0,2,0,0,0,0,0
71,2025-03-27,778551,MLB,MLB,STL,138,MIN,STL,R,Busch Stadium,Nolan Arenado,571448,400.0,2,0,1,0,0,0,0,0,0,0,0,0,0,0,0,0
72,2025-03-27,778551,MLB,MLB,STL,138,MIN,STL,R,Busch Stadium,Lars Nootbaar,663457,100.0,2,2,2,0,0,1,2,0,0,0,0,0,0,0,0,0
73,2025-03-27,778551,MLB,MLB,STL,138,MIN,STL,R,Busch Stadium,Alec Burleson,676475,500.0,2,0,1,0,0,0,0,0,0,0,0,0,0,0,0,1
74,2025-03-27,778551,MLB,MLB,STL,138,MIN,STL,R,Busch Stadium,Brendan Donovan,680977,300.0,2,1,2,0,0,0,1,0,0,0,0,0,0,0,0,0
75,2025-03-27,778551,MLB,MLB,STL,138,MIN,STL,R,Busch Stadium,Masyn Winn,691026,900.0,1,0,0,0,0,0,0,0,0,0,0,0,0,0,0,0
76,2025-03-27,778551,MLB,MLB,STL,138,MIN,STL,R,Busch Stadium,Iván Herrera,671056,600.0,2,0,1,0,0,0,1,0,0,0,0,0,0,0,0,0
77,2025-03-27,778545,MLB,MLB,ATL,144,ATL,SD,R,Petco Park,Michael Harris II,671739,600.0,4,0,1,0,0,0,0,0,0,0,1,0,0,0,0,0
78,2025-03-27,778545,MLB,MLB,ATL,144,ATL,SD,R,Petco Park,Jurickson Profar,595777,100.0,4,1,1,0,0,0,0,0,0,0,2,0,0,0,0,0
79,2025-03-27,778545,MLB,MLB,ATL,144,ATL,SD,R,Petco Park,Drake Baldwin,686948,700.0,2,0,0,0,0,0,0,0,0,1,1,0,0,0,0,0
80,2025-03-27,778545,MLB,MLB,ATL,144,ATL,SD,R,Petco Park,Matt Olson,621566,300.0,2,0,1,0,0,0,0,0,0,2,0,0,0,0,0,0
81,2025-03-27,778545,MLB,MLB,ATL,144,ATL,SD,R,Petco Park,Ozzie Albies,645277,500.0,4,1,1,0,0,1,3,0,0,0,0,0,0,0,0,0
82,2025-03-27,778545,MLB,MLB,ATL,144,ATL,SD,R,Petco Park,Austin Riley,663586,200.0,4,1,1,0,0,1,1,0,0,0,1,0,0,0,0,0
83,2025-03-27,778545,MLB,MLB,ATL,144,ATL,SD,R,Petco Park,Orlando Arcia,606115,800.0,3,0,1,0,0,0,0,0,0,0,2,0,0,0,0,0
84,2025-03-27,778545,MLB,MLB,ATL,144,ATL,SD,R,Petco Park,Jarred Kelenic,672284,900.0,3,0,0,0,0,0,0,0,0,0,0,0,0,0,0,0
85,2025-03-27,778545,MLB,MLB,ATL,144,ATL,SD,R,Petco Park,Marcell Ozuna,542303,400.0,2,1,1,0,0,0,0,0,0,2,0,0,0,0,0,0
86,2025-03-27,778545,MLB,MLB,SD,135,ATL,SD,R,Petco Park,Jackson Merrill,701538,500.0,3,0,1,0,0,0,3,0,0,0,0,0,0,0,0,0
87,2025-03-27,778545,MLB,MLB,SD,135,ATL,SD,R,Petco Park,Yuli Gurriel,493329,600.0,3,0,0,0,0,0,0,0,0,0,1,0,0,0,0,0
88,2025-03-27,778545,MLB,MLB,SD,135,ATL,SD,R,Petco Park,Jason Heyward,518792,901.0,0,1,0,0,0,0,0,0,0,0,0,0,0,0,0,0
89,2025-03-27,778545,MLB,MLB,SD,135,ATL,SD,R,Petco Park,Brandon Lockridge,663604,800.0,2,0,0,0,0,0,0,0,0,0,1,0,0,0,0,0
90,2025-03-27,778545,MLB,MLB,SD,135,ATL,SD,R,Petco Park,Gavin Sheets,657757,801.0,1,1,1,0,0,1,1,0,0,0,0,0,0,0,0,0
91,2025-03-27,778545,MLB,MLB,SD,135,ATL,SD,R,Petco Park,Manny Machado,592518,300.0,2,2,1,1,0,0,0,1,0,1,1,0,0,0,0,0
92,2025-03-27,778545,MLB,MLB,SD,135,ATL,SD,R,Petco Park,Fernando Tatis Jr.,665487,100.0,4,1,3,0,0,0,0,2,0,0,1,0,0,0,0,0
93,2025-03-27,778545,MLB,MLB,SD,135,ATL,SD,R,Petco Park,Xander Bogaerts,593428,400.0,3,0,1,0,0,0,0,0,0,0,1,0,0,0,0,0
94,2025-03-27,778545,MLB,MLB,SD,135,ATL,SD,R,Petco Park,Elias Díaz,553869,900.0,3,0,2,0,0,0,0,0,0,0,1,0,0,0,0,0
95,2025-03-27,778545,MLB,MLB,SD,135,ATL,SD,R,Petco Park,Jake Cronenworth,630105,700.0,3,0,0,0,0,0,0,0,0,0,1,0,0,0,0,0
96,2025-03-27,778545,MLB,MLB,SD,135,ATL,SD,R,Petco Park,Luis Arraez,650333,200.0,2,0,0,0,0,0,1,0,0,0,0,0,0,1,1,0
97,2025-03-27,778559,MLB,MLB,NYM,121,NYM,HOU,R,Daikin Park,Luis Torrens,620443,900.0,2,0,1,1,0,0,0,0,0,0,0,0,0,0,0,0
98,2025-03-27,778559,MLB,MLB,NYM,121,NYM,HOU,R,Daikin Park,Tyrone Taylor,621438,700.0,4,0,1,0,0,0,0,0,0,0,0,0,0,0,0,0
99,2025-03-27,778559,MLB,MLB,NYM,121,NYM,HOU,R,Daikin Park,Mark Vientos,668901,400.0,3,0,0,0,0,0,0,0,0,1,0,0,0,0,0,1
100,2025-03-27,778559,MLB,MLB,NYM,121,NYM,HOU,R,Daikin Park,Luisangel Acuña,682668,800.0,3,0,0,0,0,0,0,0,0,0,1,0,0,0,0,0
101,2025-03-27,778559,MLB,MLB,NYM,121,NYM,HOU,R,Daikin Park,Jesse Winker,608385,901.0,1,0,0,0,0,0,0,0,0,0,0,0,0,0,0,0
102,2025-03-27,778559,MLB,MLB,NYM,121,NYM,HOU,R,Daikin Park,Pete Alonso,624413,300.0,2,0,1,0,0,0,0,0,0,2,0,0,0,0,0,0
103,2025-03-27,778559,MLB,MLB,NYM,121,NYM,HOU,R,Daikin Park,Starling Marte,516782,600.0,3,0,1,0,0,0,0,0,0,0,1,0,1,0,0,0
104,2025-03-27,778559,MLB,MLB,NYM,121,NYM,HOU,R,Daikin Park,Francisco Lindor,596019,100.0,4,0,0,0,0,0,0,0,0,0,2,0,0,0,0,0
105,2025-03-27,778559,MLB,MLB,NYM,121,NYM,HOU,R,Daikin Park,Brandon Nimmo,607043,500.0,4,0,1,0,0,0,0,0,0,0,1,0,0,0,0,0
106,2025-03-27,778559,MLB,MLB,NYM,121,NYM,HOU,R,Daikin Park,Hayden Senger,663584,902.0,0,0,0,0,0,0,0,0,0,0,0,0,0,0,0,0
107,2025-03-27,778559,MLB,MLB,NYM,121,NYM,HOU,R,Daikin Park,Juan Soto,665742,200.0,2,0,1,0,0,0,0,0,0,2,0,0,0,0,0,0
108,2025-03-27,778559,MLB,MLB,HOU,117,NYM,HOU,R,Daikin Park,Isaac Paredes,670623,200.0,3,1,0,0,0,0,0,0,0,1,1,0,0,0,0,1
109,2025-03-27,778559,MLB,MLB,HOU,117,NYM,HOU,R,Daikin Park,Cam Smith,701358,700.0,3,0,1,0,0,0,0,0,0,0,0,0,0,0,0,0
110,2025-03-27,778559,MLB,MLB,HOU,117,NYM,HOU,R,Daikin Park,Brendan Rodgers,663898,800.0,3,0,0,0,0,0,0,0,0,1,2,0,0,0,0,0
111,2025-03-27,778559,MLB,MLB,HOU,117,NYM,HOU,R,Daikin Park,Jake Meyers,676694,900.0,4,0,2,0,0,0,1,0,0,0,0,0,0,0,0,0
112,2025-03-27,778559,MLB,MLB,HOU,117,NYM,HOU,R,Daikin Park,Jose Altuve,514888,100.0,4,0,1,0,0,0,0,0,0,0,3,0,0,0,0,0
113,2025-03-27,778559,MLB,MLB,HOU,117,NYM,HOU,R,Daikin Park,Jeremy Peña,665161,600.0,3,1,1,0,0,0,0,0,0,0,0,0,1,0,0,0
114,2025-03-27,778559,MLB,MLB,HOU,117,NYM,HOU,R,Daikin Park,Christian Walker,572233,400.0,4,1,1,0,0,0,0,0,0,0,0,0,0,0,0,0
115,2025-03-27,778559,MLB,MLB,HOU,117,NYM,HOU,R,Daikin Park,Chas McCormick,676801,701.0,0,0,0,0,0,0,0,0,0,0,0,0,0,1,0,0
116,2025-03-27,778559,MLB,MLB,HOU,117,NYM,HOU,R,Daikin Park,Yainer Diaz,673237,500.0,3,0,1,0,0,0,1,0,0,1,0,0,0,0,0,0
117,2025-03-27,778559,MLB,MLB,HOU,117,NYM,HOU,R,Daikin Park,Yordan Alvarez,670541,300.0,2,0,0,0,0,0,0,0,0,2,1,0,0,0,0,0
118,2025-03-27,778556,MLB,MLB,BAL,110,BAL,TOR,R,Rogers Centre,Jorge Mateo,622761,301.0,0,0,0,0,0,0,0,0,0,0,0,0,0,0,0,0
119,2025-03-27,778556,MLB,MLB,BAL,110,BAL,TOR,R,Rogers Centre,Ryan Mountcastle,663624,600.0,5,1,1,1,0,0,0,0,0,0,2,0,0,0,0,0
120,2025-03-27,778556,MLB,MLB,BAL,110,BAL,TOR,R,Rogers Centre,Adley Rutschman,668939,200.0,5,3,3,0,0,2,3,0,0,0,1,0,0,0,0,0
121,2025-03-27,778556,MLB,MLB,BAL,110,BAL,TOR,R,Rogers Centre,Tyler O'Neill,641933,500.0,3,3,3,0,0,1,3,0,0,2,0,0,0,0,0,0
122,2025-03-27,778556,MLB,MLB,BAL,110,BAL,TOR,R,Rogers Centre,Heston Kjerstad,677008,501.0,0,0,0,0,0,0,0,0,0,0,0,0,0,0,0,0
123,2025-03-27,778556,MLB,MLB,BAL,110,BAL,TOR,R,Rogers Centre,Jordan Westburg,676059,300.0,4,1,2,0,0,1,1,0,0,1,1,0,0,0,0,0
124,2025-03-27,778556,MLB,MLB,BAL,110,BAL,TOR,R,Rogers Centre,Ramón Urías,602104,800.0,4,0,0,0,0,0,0,0,0,1,1,0,0,0,0,0
125,2025-03-27,778556,MLB,MLB,BAL,110,BAL,TOR,R,Rogers Centre,Jackson Holliday,702616,900.0,5,1,1,0,0,0,0,0,0,0,2,0,0,0,0,0
126,2025-03-27,778556,MLB,MLB,BAL,110,BAL,TOR,R,Rogers Centre,Colton Cowser,681297,100.0,3,1,0,0,0,0,0,0,0,1,1,0,1,0,0,0
127,2025-03-27,778556,MLB,MLB,BAL,110,BAL,TOR,R,Rogers Centre,Ryan O'Hearn,656811,400.0,5,0,1,0,0,0,0,0,0,0,0,0,0,0,0,0
128,2025-03-27,778556,MLB,MLB,BAL,110,BAL,TOR,R,Rogers Centre,Cedric Mullins,656775,700.0,5,2,3,0,0,2,5,0,1,0,0,0,0,0,0,0
129,2025-03-27,778556,MLB,MLB,TOR,141,BAL,TOR,R,Rogers Centre,Bo Bichette,666182,100.0,4,0,0,0,0,0,0,0,0,0,0,0,0,0,0,1
130,2025-03-27,778556,MLB,MLB,TOR,141,BAL,TOR,R,Rogers Centre,Anthony Santander,623993,300.0,4,0,0,0,0,0,0,0,0,0,0,0,0,0,0,0
131,2025-03-27,778556,MLB,MLB,TOR,141,BAL,TOR,R,Rogers Centre,Ernie Clement,676391,800.0,3,0,0,0,0,0,0,0,0,0,0,0,0,0,0,0
132,2025-03-27,778556,MLB,MLB,TOR,141,BAL,TOR,R,Rogers Centre,Andrés Giménez,665926,400.0,3,1,1,0,0,1,2,0,0,1,0,0,0,0,0,0
133,2025-03-27,778556,MLB,MLB,TOR,141,BAL,TOR,R,Rogers Centre,Will Wagner,695238,700.0,3,0,1,0,0,0,0,0,0,0,0,0,0,0,0,0
134,2025-03-27,778556,MLB,MLB,TOR,141,BAL,TOR,R,Rogers Centre,Alan Roden,702176,900.0,2,0,1,0,0,0,0,0,0,1,0,0,0,0,0,0
135,2025-03-27,778556,MLB,MLB,TOR,141,BAL,TOR,R,Rogers Centre,George Springer,543807,600.0,3,0,0,0,0,0,0,0,0,1,2,0,0,0,0,0
136,2025-03-27,778556,MLB,MLB,TOR,141,BAL,TOR,R,Rogers Centre,Vladimir Guerrero Jr.,665489,200.0,2,1,0,0,0,0,0,0,0,2,1,0,0,0,0,0
137,2025-03-27,778556,MLB,MLB,TOR,141,BAL,TOR,R,Rogers Centre,Alejandro Kirk,672386,500.0,4,0,1,0,0,0,0,0,0,0,0,0,0,0,0,1
138,2025-03-27,778552,MLB,MLB,CHC,112,CHC,ARI,R,Chase Field,Kyle Tucker,663656,200.0,0,0,0,0,0,0,0,0,0,0,0,0,0,0,0,0
139,2025-03-27,778552,MLB,MLB,CHC,112,CHC,ARI,R,Chase Field,Ian Happ,664023,100.0,0,0,0,0,0,0,0,0,0,0,0,0,0,0,0,0
140,2025-03-27,778552,MLB,MLB,CHC,112,CHC,ARI,R,Chase Field,Michael Busch,683737,400.0,0,0,0,0,0,0,0,0,0,0,0,0,0,0,0,0
141,2025-03-27,778552,MLB,MLB,CHC,112,CHC,ARI,R,Chase Field,Pete Crow-Armstrong,691718,700.0,0,0,0,0,0,0,0,0,0,0,0,0,0,0,0,0
142,2025-03-27,778552,MLB,MLB,CHC,112,CHC,ARI,R,Chase Field,Miguel Amaya,665804,900.0,0,0,0,0,0,0,0,0,0,0,0,0,0,0,0,0
143,2025-03-27,778552,MLB,MLB,CHC,112,CHC,ARI,R,Chase Field,Seiya Suzuki,673548,300.0,0,0,0,0,0,0,0,0,0,0,0,0,0,0,0,0
144,2025-03-27,778552,MLB,MLB,CHC,112,CHC,ARI,R,Chase Field,Dansby Swanson,621020,500.0,0,0,0,0,0,0,0,0,0,0,0,0,0,0,0,0
145,2025-03-27,778552,MLB,MLB,CHC,112,CHC,ARI,R,Chase Field,Nico Hoerner,663538,600.0,0,0,0,0,0,0,0,0,0,0,0,0,0,0,0,0
146,2025-03-27,778552,MLB,MLB,CHC,112,CHC,ARI,R,Chase Field,Matt Shaw,807713,800.0,0,0,0,0,0,0,0,0,0,0,0,0,0,0,0,0
147,2025-03-27,778552,MLB,MLB,CHC,112,CHC,ARI,R,Chase Field,Justin Steele,657006,,0,0,0,0,0,0,0,0,0,0,0,0,0,0,0,0
148,2025-03-27,778552,MLB,MLB,ARI,109,CHC,ARI,R,Chase Field,Josh Naylor,647304,400.0,0,0,0,0,0,0,0,0,0,0,0,0,0,0,0,0
149,2025-03-27,778552,MLB,MLB,ARI,109,CHC,ARI,R,Chase Field,Jake McCarthy,664983,800.0,0,0,0,0,0,0,0,0,0,0,0,0,0,0,0,0
150,2025-03-27,778552,MLB,MLB,ARI,109,CHC,ARI,R,Chase Field,Randal Grichuk,545341,700.0,0,0,0,0,0,0,0,0,0,0,0,0,0,0,0,0
151,2025-03-27,778552,MLB,MLB,ARI,109,CHC,ARI,R,Chase Field,Ketel Marte,606466,100.0,0,0,0,0,0,0,0,0,0,0,0,0,0,0,0,0
152,2025-03-27,778552,MLB,MLB,ARI,109,CHC,ARI,R,Chase Field,Geraldo Perdomo,672695,900.0,0,0,0,0,0,0,0,0,0,0,0,0,0,0,0,0
153,2025-03-27,778552,MLB,MLB,ARI,109,CHC,ARI,R,Chase Field,Gabriel Moreno,672515,500.0,0,0,0,0,0,0,0,0,0,0,0,0,0,0,0,0
154,2025-03-27,778552,MLB,MLB,ARI,109,CHC,ARI,R,Chase Field,Eugenio Suárez,553993,600.0,0,0,0,0,0,0,0,0,0,0,0,0,0,0,0,0
155,2025-03-27,778552,MLB,MLB,ARI,109,CHC,ARI,R,Chase Field,Corbin Carroll,682998,200.0,0,0,0,0,0,0,0,0,0,0,0,0,0,0,0,0
156,2025-03-27,778552,MLB,MLB,ARI,109,CHC,ARI,R,Chase Field,Zac Gallen,668678,,0,0,0,0,0,0,0,0,0,0,0,0,0,0,0,0
157,2025-03-27,778552,MLB,MLB,ARI,109,CHC,ARI,R,Chase Field,Lourdes Gurriel Jr.,666971,300.0,0,0,0,0,0,0,0,0,0,0,0,0,0,0,0,0
158,2025-03-27,778561,MLB,MLB,SF,137,SF,CIN,R,Great American Ball Park,Heliot Ramos,671218,500.0,4,1,1,0,0,1,2,0,0,0,3,0,0,0,0,0
159,2025-03-27,778561,MLB,MLB,SF,137,SF,CIN,R,Great American Ball Park,Tyler Fitzgerald,666149,900.0,3,0,0,0,0,0,0,0,0,0,2,0,0,0,0,0
160,2025-03-27,778561,MLB,MLB,SF,137,SF,CIN,R,Great American Ball Park,Matt Chapman,656305,400.0,4,1,1,0,0,0,0,0,0,0,1,0,0,0,0,0
161,2025-03-27,778561,MLB,MLB,SF,137,SF,CIN,R,Great American Ball Park,Patrick Bailey,672275,600.0,4,1,1,0,0,0,1,0,0,0,2,0,0,0,0,0
162,2025-03-27,778561,MLB,MLB,SF,137,SF,CIN,R,Great American Ball Park,Wilmer Flores,527038,700.0,4,1,1,0,0,1,3,0,0,0,1,0,0,0,0,0
163,2025-03-27,778561,MLB,MLB,SF,137,SF,CIN,R,Great American Ball Park,Jung Hoo Lee,808982,300.0,2,2,0,0,0,0,0,0,0,2,2,0,0,0,0,0
164,2025-03-27,778561,MLB,MLB,SF,137,SF,CIN,R,Great American Ball Park,LaMonte Wade Jr.,664774,100.0,4,0,0,0,0,0,0,0,0,0,1,0,0,0,0,0
165,2025-03-27,778561,MLB,MLB,SF,137,SF,CIN,R,Great American Ball Park,Willy Adames,642715,200.0,4,0,0,0,0,0,0,0,0,0,3,0,0,0,0,0
166,2025-03-27,778561,MLB,MLB,SF,137,SF,CIN,R,Great American Ball Park,Mike Yastrzemski,573262,800.0,4,0,2,0,0,0,0,0,0,0,2,0,0,0,0,0
167,2025-03-27,778561,MLB,MLB,CIN,113,SF,CIN,R,Great American Ball Park,Elly De La Cruz,682829,300.0,3,2,1,0,0,0,0,0,0,1,1,0,0,0,0,0
168,2025-03-27,778561,MLB,MLB,CIN,113,SF,CIN,R,Great American Ball Park,Jake Fraley,641584,800.0,4,0,0,0,0,0,0,0,0,0,0,0,0,0,0,0
169,2025-03-27,778561,MLB,MLB,CIN,113,SF,CIN,R,Great American Ball Park,Matt McLain,680574,200.0,5,0,0,0,0,0,0,0,0,0,2,0,0,0,0,0
170,2025-03-27,778561,MLB,MLB,CIN,113,SF,CIN,R,Great American Ball Park,TJ Friedl,670770,100.0,5,1,2,0,0,0,1,0,0,0,1,0,0,0,0,1
171,2025-03-27,778561,MLB,MLB,CIN,113,SF,CIN,R,Great American Ball Park,Jeimer Candelario,600869,500.0,3,0,2,0,0,0,3,0,0,1,1,0,0,0,0,0
172,2025-03-27,778561,MLB,MLB,CIN,113,SF,CIN,R,Great American Ball Park,Blake Dunn,694362,401.0,0,0,0,0,0,0,0,0,0,0,0,0,0,0,0,0
173,2025-03-27,778561,MLB,MLB,CIN,113,SF,CIN,R,Great American Ball Park,Spencer Steer,668715,600.0,4,0,0,0,0,0,0,0,0,0,3,0,0,0,0,0
174,2025-03-27,778561,MLB,MLB,CIN,113,SF,CIN,R,Great American Ball Park,Jose Trevino,624431,900.0,2,0,0,0,0,0,0,0,0,1,0,0,0,0,0,0
175,2025-03-27,778561,MLB,MLB,CIN,113,SF,CIN,R,Great American Ball Park,Gavin Lux,666158,400.0,3,0,1,0,0,0,0,0,0,1,0,0,0,0,0,0
176,2025-03-27,778561,MLB,MLB,CIN,113,SF,CIN,R,Great American Ball Park,Christian Encarnacion-Strand,687952,700.0,4,0,2,1,0,0,0,0,0,0,0,0,0,0,0,0
177,2025-03-27,778561,MLB,MLB,CIN,113,SF,CIN,R,Great American Ball Park,Jacob Hurtubise,674441,901.0,0,1,0,0,0,0,0,0,0,0,0,0,1,0,0,0
178,2025-03-27,778546,MLB,MLB,DET,116,DET,LAD,R,Dodger Stadium,Tarik Skubal,669373,,0,0,0,0,0,0,0,0,0,0,0,0,0,0,0,0
179,2025-03-27,778546,MLB,MLB,DET,116,DET,LAD,R,Dodger Stadium,Riley Greene,682985,300.0,0,0,0,0,0,0,0,0,0,0,0,0,0,0,0,0
180,2025-03-27,778546,MLB,MLB,DET,116,DET,LAD,R,Dodger Stadium,Javier Báez,595879,700.0,0,0,0,0,0,0,0,0,0,0,0,0,0,0,0,0
181,2025-03-27,778546,MLB,MLB,DET,116,DET,LAD,R,Dodger Stadium,Spencer Torkelson,679529,400.0,0,0,0,0,0,0,0,0,0,0,0,0,0,0,0,0
182,2025-03-27,778546,MLB,MLB,DET,116,DET,LAD,R,Dodger Stadium,Manuel Margot,622534,500.0,0,0,0,0,0,0,0,0,0,0,0,0,0,0,0,0
183,2025-03-27,778546,MLB,MLB,DET,116,DET,LAD,R,Dodger Stadium,Gleyber Torres,650402,200.0,0,0,0,0,0,0,0,0,0,0,0,0,0,0,0,0
184,2025-03-27,778546,MLB,MLB,DET,116,DET,LAD,R,Dodger Stadium,Jake Rogers,668670,800.0,0,0,0,0,0,0,0,0,0,0,0,0,0,0,0,0
185,2025-03-27,778546,MLB,MLB,DET,116,DET,LAD,R,Dodger Stadium,Ryan Kreidler,668952,900.0,0,0,0,0,0,0,0,0,0,0,0,0,0,0,0,0
186,2025-03-27,778546,MLB,MLB,DET,116,DET,LAD,R,Dodger Stadium,Andy Ibáñez,628451,100.0,0,0,0,0,0,0,0,0,0,0,0,0,0,0,0,0
187,2025-03-27,778546,MLB,MLB,DET,116,DET,LAD,R,Dodger Stadium,Colt Keith,690993,600.0,0,0,0,0,0,0,0,0,0,0,0,0,0,0,0,0
188,2025-03-27,778546,MLB,MLB,LAD,119,DET,LAD,R,Dodger Stadium,Will Smith,669257,600.0,0,0,0,0,0,0,0,0,0,0,0,0,0,0,0,0
189,2025-03-27,778546,MLB,MLB,LAD,119,DET,LAD,R,Dodger Stadium,Max Muncy,571970,700.0,0,0,0,0,0,0,0,0,0,0,0,0,0,0,0,0
190,2025-03-27,778546,MLB,MLB,LAD,119,DET,LAD,R,Dodger Stadium,Freddie Freeman,518692,400.0,0,0,0,0,0,0,0,0,0,0,0,0,0,0,0,0
191,2025-03-27,778546,MLB,MLB,LAD,119,DET,LAD,R,Dodger Stadium,Tommy Edman,669242,500.0,0,0,0,0,0,0,0,0,0,0,0,0,0,0,0,0
192,2025-03-27,778546,MLB,MLB,LAD,119,DET,LAD,R,Dodger Stadium,Shohei Ohtani,660271,100.0,0,0,0,0,0,0,0,0,0,0,0,0,0,0,0,0
193,2025-03-27,778546,MLB,MLB,LAD,119,DET,LAD,R,Dodger Stadium,Teoscar Hernández,606192,300.0,0,0,0,0,0,0,0,0,0,0,0,0,0,0,0,0
194,2025-03-27,778546,MLB,MLB,LAD,119,DET,LAD,R,Dodger Stadium,Andy Pages,681624,900.0,0,0,0,0,0,0,0,0,0,0,0,0,0,0,0,0
195,2025-03-27,778546,MLB,MLB,LAD,119,DET,LAD,R,Dodger Stadium,Mookie Betts,605141,200.0,0,0,0,0,0,0,0,0,0,0,0,0,0,0,0,0
196,2025-03-27,778546,MLB,MLB,LAD,119,DET,LAD,R,Dodger Stadium,Blake Snell,605483,,0,0,0,0,0,0,0,0,0,0,0,0,0,0,0,0
197,2025-03-27,778546,MLB,MLB,LAD,119,DET,LAD,R,Dodger Stadium,Miguel Rojas,500743,800.0,0,0,0,0,0,0,0,0,0,0,0,0,0,0,0,0
198,2025-03-27,778554,MLB,MLB,LAA,108,LAA,CWS,R,Rate Field,Luis Rengifo,650859,600.0,4,0,0,0,0,0,0,0,0,0,2,0,0,0,0,0
199,2025-03-27,778554,MLB,MLB,LAA,108,LAA,CWS,R,Rate Field,Jorge Soler,624585,400.0,4,0,0,0,0,0,0,0,0,0,2,0,0,0,0,0
200,2025-03-27,778554,MLB,MLB,LAA,108,LAA,CWS,R,Rate Field,Yoán Moncada,660162,901.0,0,0,0,0,0,0,0,0,0,1,0,0,0,0,0,0
201,2025-03-27,778554,MLB,MLB,LAA,108,LAA,CWS,R,Rate Field,Taylor Ward,621493,100.0,4,0,1,1,0,0,0,0,0,0,0,0,0,0,0,0
202,2025-03-27,778554,MLB,MLB,LAA,108,LAA,CWS,R,Rate Field,Mike Trout,545361,300.0,2,0,0,0,0,0,0,0,0,1,0,0,1,0,0,0
203,2025-03-27,778554,MLB,MLB,LAA,108,LAA,CWS,R,Rate Field,Kyren Paris,677347,801.0,1,0,0,0,0,0,0,0,0,0,1,0,0,0,0,0
204,2025-03-27,778554,MLB,MLB,LAA,108,LAA,CWS,R,Rate Field,Jo Adell,666176,800.0,3,0,1,0,0,0,0,0,0,0,1,0,0,0,0,0
205,2025-03-27,778554,MLB,MLB,LAA,108,LAA,CWS,R,Rate Field,Kevin Newman,621028,900.0,2,0,0,0,0,0,0,0,0,0,0,0,0,0,0,0
206,2025-03-27,778554,MLB,MLB,LAA,108,LAA,CWS,R,Rate Field,Nolan Schanuel,694384,200.0,4,0,1,0,0,0,0,0,0,0,0,0,0,0,0,0
207,2025-03-27,778554,MLB,MLB,LAA,108,LAA,CWS,R,Rate Field,Tim Anderson,641313,500.0,4,0,0,0,0,0,0,0,0,0,3,0,0,0,0,0
208,2025-03-27,778554,MLB,MLB,LAA,108,LAA,CWS,R,Rate Field,Logan O'Hoppe,681351,700.0,4,1,2,0,0,1,1,0,0,0,1,0,0,0,0,0
209,2025-03-27,778554,MLB,MLB,CWS,145,LAA,CWS,R,Rate Field,Lenyn Sosa,672820,600.0,4,1,1,0,0,1,2,0,0,0,0,0,0,0,0,0
210,2025-03-27,778554,MLB,MLB,CWS,145,LAA,CWS,R,Rate Field,Nick Maton,665155,501.0,0,0,0,0,0,0,0,0,0,1,0,0,0,0,0,0
211,2025-03-27,778554,MLB,MLB,CWS,145,LAA,CWS,R,Rate Field,Jacob Amaya,676070,800.0,4,1,1,0,0,0,0,0,0,0,1,0,0,0,0,0
212,2025-03-27,778554,MLB,MLB,CWS,145,LAA,CWS,R,Rate Field,Korey Lee,686676,700.0,3,1,1,0,0,0,0,0,0,1,1,0,0,0,0,0
213,2025-03-27,778554,MLB,MLB,CWS,145,LAA,CWS,R,Rate Field,Andrew Vaughn,683734,400.0,4,0,0,0,0,0,0,0,0,0,0,0,0,0,0,0
214,2025-03-27,778554,MLB,MLB,CWS,145,LAA,CWS,R,Rate Field,Andrew Benintendi,643217,300.0,4,1,1,0,0,1,3,0,0,0,2,0,0,0,0,0
215,2025-03-27,778554,MLB,MLB,CWS,145,LAA,CWS,R,Rate Field,Travis Jankowski,608671,502.0,0,1,0,0,0,0,0,0,0,0,0,0,0,0,0,0
216,2025-03-27,778554,MLB,MLB,CWS,145,LAA,CWS,R,Rate Field,Austin Slater,596103,500.0,3,1,1,0,0,1,1,0,0,0,0,0,0,0,0,0
217,2025-03-27,778554,MLB,MLB,CWS,145,LAA,CWS,R,Rate Field,Michael A. Taylor,572191,900.0,3,1,1,0,0,0,0,0,0,0,0,0,0,0,0,0
218,2025-03-27,778554,MLB,MLB,CWS,145,LAA,CWS,R,Rate Field,Miguel Vargas,678246,100.0,4,1,2,1,0,0,2,0,0,0,1,0,0,0,0,0
219,2025-03-27,778554,MLB,MLB,CWS,145,LAA,CWS,R,Rate Field,Luis Robert Jr.,673357,200.0,4,0,1,1,0,0,0,0,0,0,1,0,0,0,0,0
220,2025-03-27,778562,MLB,MLB,PIT,134,PIT,MIA,R,loanDepot park,Adam Frazier,624428,601.0,0,0,0,0,0,0,0,0,0,1,0,0,0,0,0,0
221,2025-03-27,778562,MLB,MLB,PIT,134,PIT,MIA,R,loanDepot park,Endy Rodríguez,682848,700.0,3,0,0,0,0,0,0,0,0,1,3,0,0,0,0,0
222,2025-03-27,778562,MLB,MLB,PIT,134,PIT,MIA,R,loanDepot park,Bryan Reynolds,668804,200.0,4,0,1,0,0,0,2,0,0,0,0,0,0,0,0,0
223,2025-03-27,778562,MLB,MLB,PIT,134,PIT,MIA,R,loanDepot park,Joey Bart,663698,400.0,3,1,0,0,0,0,0,0,0,0,0,0,1,0,0,0
224,2025-03-27,778562,MLB,MLB,PIT,134,PIT,MIA,R,loanDepot park,Oneil Cruz,665833,300.0,3,0,0,0,0,0,0,1,0,1,1,0,0,0,0,0
225,2025-03-27,778562,MLB,MLB,PIT,134,PIT,MIA,R,loanDepot park,Ke'Bryan Hayes,663647,800.0,4,1,1,0,0,0,0,2,0,0,1,0,0,0,0,0
226,2025-03-27,778562,MLB,MLB,PIT,134,PIT,MIA,R,loanDepot park,Tommy Pham,502054,100.0,2,0,0,0,0,0,0,0,0,1,2,0,1,0,0,0
227,2025-03-27,778562,MLB,MLB,PIT,134,PIT,MIA,R,loanDepot park,Andrew McCutchen,457705,500.0,4,0,0,0,0,0,0,0,0,0,0,0,0,0,0,0
228,2025-03-27,778562,MLB,MLB,PIT,134,PIT,MIA,R,loanDepot park,Isiah Kiner-Falefa,643396,900.0,1,1,0,0,0,0,0,1,0,2,1,0,0,0,0,0
229,2025-03-27,778562,MLB,MLB,PIT,134,PIT,MIA,R,loanDepot park,Nick Gonzales,693304,600.0,3,1,1,0,0,1,2,0,0,0,2,0,0,0,0,0
230,2025-03-27,778562,MLB,MLB,MIA,146,PIT,MIA,R,loanDepot park,Griffin Conine,665052,600.0,2,0,0,0,0,0,0,0,0,0,1,0,0,0,0,0
231,2025-03-27,778562,MLB,MLB,MIA,146,PIT,MIA,R,loanDepot park,Dane Myers,667472,601.0,1,0,0,0,0,0,0,0,0,0,1,0,0,0,0,0
232,2025-03-27,778562,MLB,MLB,MIA,146,PIT,MIA,R,loanDepot park,Jonah Bride,681146,300.0,3,0,1,0,0,0,0,0,0,1,0,0,0,0,0,0
233,2025-03-27,778562,MLB,MLB,MIA,146,PIT,MIA,R,loanDepot park,Xavier Edwards,669364,100.0,3,1,0,0,0,0,1,0,0,1,1,0,0,0,0,0
234,2025-03-27,778562,MLB,MLB,MIA,146,PIT,MIA,R,loanDepot park,Kyle Stowers,669065,200.0,2,0,0,0,0,0,0,0,0,2,2,0,0,0,0,0
235,2025-03-27,778562,MLB,MLB,MIA,146,PIT,MIA,R,loanDepot park,Graham Pauley,688363,800.0,3,0,1,0,0,0,0,0,0,0,1,0,0,0,0,0
236,2025-03-27,778562,MLB,MLB,MIA,146,PIT,MIA,R,loanDepot park,Nick Fortes,663743,900.0,2,0,0,0,0,0,0,0,0,0,1,0,1,0,0,0
237,2025-03-27,778562,MLB,MLB,MIA,146,PIT,MIA,R,loanDepot park,Derek Hill,656537,700.0,3,1,1,1,0,0,0,0,0,0,0,0,0,0,0,0
238,2025-03-27,778562,MLB,MLB,MIA,146,PIT,MIA,R,loanDepot park,Otto Lopez,672640,500.0,2,0,0,0,0,0,0,0,0,1,1,0,0,0,0,1
239,2025-03-27,778562,MLB,MLB,MIA,146,PIT,MIA,R,loanDepot park,Matt Mervis,670223,400.0,4,0,0,0,0,0,0,0,0,0,3,0,0,0,0,0
240,2025-03-27,778557,MLB,MLB,MIL,158,MIL,NYY,R,Yankee Stadium,Joey Ortiz,687401,600.0,4,1,2,0,0,0,0,0,0,0,0,0,0,0,0,0
241,2025-03-27,778557,MLB,MLB,MIL,158,MIL,NYY,R,Yankee Stadium,Jackson Chourio,694192,100.0,5,0,0,0,0,0,0,0,0,0,5,0,0,0,0,0
242,2025-03-27,778557,MLB,MLB,MIL,158,MIL,NYY,R,Yankee Stadium,Christian Yelich,592885,200.0,4,0,0,0,0,0,0,0,0,1,2,0,0,0,0,0
243,2025-03-27,778557,MLB,MLB,MIL,158,MIL,NYY,R,Yankee Stadium,Jake Bauers,641343,801.0,0,0,0,0,0,0,0,1,0,1,0,0,0,0,0,0
244,2025-03-27,778557,MLB,MLB,MIL,158,MIL,NYY,R,Yankee Stadium,Isaac Collins,686555,701.0,2,0,1,1,0,0,0,0,0,0,0,0,0,0,0,0
245,2025-03-27,778557,MLB,MLB,MIL,158,MIL,NYY,R,Yankee Stadium,Sal Frelick,686217,500.0,4,0,2,0,0,0,0,0,0,0,1,0,0,0,0,0
246,2025-03-27,778557,MLB,MLB,MIL,158,MIL,NYY,R,Yankee Stadium,Garrett Mitchell,669003,700.0,2,0,0,0,0,0,0,0,0,0,0,0,0,0,0,0
247,2025-03-27,778557,MLB,MLB,MIL,158,MIL,NYY,R,Yankee Stadium,Vinny Capra,681962,800.0,3,1,1,0,0,1,1,0,0,0,1,0,0,0,0,0
248,2025-03-27,778557,MLB,MLB,MIL,158,MIL,NYY,R,Yankee Stadium,William Contreras,661388,300.0,4,0,0,0,0,0,0,0,0,0,1,0,0,0,0,0
249,2025-03-27,778557,MLB,MLB,MIL,158,MIL,NYY,R,Yankee Stadium,Brice Turang,668930,900.0,3,0,1,0,0,0,1,0,0,0,2,0,0,0,1,0
250,2025-03-27,778557,MLB,MLB,MIL,158,MIL,NYY,R,Yankee Stadium,Rhys Hoskins,656555,400.0,2,0,0,0,0,0,0,0,0,2,1,0,0,0,0,0
251,2025-03-27,778557,MLB,MLB,NYY,147,MIL,NYY,R,Yankee Stadium,Oswaldo Cabrera,665828,900.0,3,1,1,0,0,0,0,0,0,0,0,0,0,0,0,0
252,2025-03-27,778557,MLB,MLB,NYY,147,MIL,NYY,R,Yankee Stadium,Aaron Judge,592450,200.0,4,0,1,1,0,0,1,0,0,0,2,0,0,0,0,0
253,2025-03-27,778557,MLB,MLB,NYY,147,MIL,NYY,R,Yankee Stadium,Paul Goldschmidt,502671,400.0,4,0,0,0,0,0,0,0,0,0,2,0,0,0,0,0
254,2025-03-27,778557,MLB,MLB,NYY,147,MIL,NYY,R,Yankee Stadium,Jasson Domínguez,691176,600.0,3,0,0,0,0,0,0,0,0,0,0,0,0,0,0,0
255,2025-03-27,778557,MLB,MLB,NYY,147,MIL,NYY,R,Yankee Stadium,Austin Wells,669224,100.0,3,1,1,0,0,1,1,0,0,1,1,0,0,0,0,0
256,2025-03-27,778557,MLB,MLB,NYY,147,MIL,NYY,R,Yankee Stadium,Ben Rice,700250,800.0,2,1,1,0,0,0,0,0,0,1,1,0,0,0,0,0
257,2025-03-27,778557,MLB,MLB,NYY,147,MIL,NYY,R,Yankee Stadium,Anthony Volpe,683011,700.0,4,1,1,0,0,1,1,0,0,0,1,0,0,0,0,0
258,2025-03-27,778557,MLB,MLB,NYY,147,MIL,NYY,R,Yankee Stadium,Cody Bellinger,641355,300.0,2,0,1,0,0,0,1,0,0,1,1,0,0,0,1,0
259,2025-03-27,778557,MLB,MLB,NYY,147,MIL,NYY,R,Yankee Stadium,Jazz Chisholm Jr.,665862,500.0,3,0,0,0,0,0,0,0,0,1,2,0,0,0,0,0
260,2025-03-27,778557,MLB,MLB,NYY,147,MIL,NYY,R,Yankee Stadium,Trent Grisham,663757,601.0,1,0,1,0,0,0,0,0,1,0,0,0,0,0,0,0
261,2025-03-27,778555,MLB,MLB,PHI,143,PHI,WSH,R,Nationals Park,Brandon Marsh,669016,900.0,3,0,0,0,0,0,0,0,0,0,3,0,0,0,0,0
262,2025-03-27,778555,MLB,MLB,PHI,143,PHI,WSH,R,Nationals Park,Bryce Harper,547180,200.0,4,1,1,0,0,1,1,0,0,0,2,0,0,0,0,0
263,2025-03-27,778555,MLB,MLB,PHI,143,PHI,WSH,R,Nationals Park,J.T. Realmuto,592663,500.0,4,0,0,0,0,0,0,0,0,0,4,0,0,0,0,0
264,2025-03-27,778555,MLB,MLB,PHI,143,PHI,WSH,R,Nationals Park,Nick Castellanos,592206,700.0,3,0,1,0,0,0,0,0,0,1,1,0,0,0,0,0
265,2025-03-27,778555,MLB,MLB,PHI,143,PHI,WSH,R,Nationals Park,Alec Bohm,664761,300.0,4,0,1,0,0,0,0,0,0,0,2,0,0,0,0,0
266,2025-03-27,778555,MLB,MLB,PHI,143,PHI,WSH,R,Nationals Park,Bryson Stott,681082,800.0,4,0,0,0,0,0,0,0,0,0,2,0,0,0,0,0
267,2025-03-27,778555,MLB,MLB,PHI,143,PHI,WSH,R,Nationals Park,Kyle Schwarber,656941,400.0,4,1,2,0,0,1,1,0,1,0,1,0,0,0,0,0
268,2025-03-27,778555,MLB,MLB,PHI,143,PHI,WSH,R,Nationals Park,Max Kepler,596146,600.0,3,1,1,1,0,0,0,0,0,1,2,0,0,0,0,0
269,2025-03-27,778555,MLB,MLB,PHI,143,PHI,WSH,R,Nationals Park,Trea Turner,607208,100.0,3,0,0,0,0,0,0,0,0,1,1,0,0,0,0,0
270,2025-03-27,778555,MLB,MLB,WSH,120,PHI,WSH,R,Nationals Park,CJ Abrams,682928,100.0,4,0,0,0,0,0,1,0,0,0,2,0,0,0,0,0
271,2025-03-27,778555,MLB,MLB,WSH,120,PHI,WSH,R,Nationals Park,Dylan Crews,686611,800.0,2,1,0,0,0,0,0,1,0,1,0,0,0,0,0,0
272,2025-03-27,778555,MLB,MLB,WSH,120,PHI,WSH,R,Nationals Park,Nathaniel Lowe,663993,500.0,4,0,1,0,0,0,0,0,0,0,3,0,0,0,0,0
273,2025-03-27,778555,MLB,MLB,WSH,120,PHI,WSH,R,Nationals Park,Josh Bell,605137,400.0,4,0,0,0,0,0,0,0,0,0,1,0,0,0,0,0
274,2025-03-27,778555,MLB,MLB,WSH,120,PHI,WSH,R,Nationals Park,Paul DeJong,657557,600.0,3,0,0,0,0,0,0,0,0,0,3,0,0,0,0,0
275,2025-03-27,778555,MLB,MLB,WSH,120,PHI,WSH,R,Nationals Park,James Wood,695578,200.0,3,0,0,0,0,0,0,0,0,1,1,0,0,0,0,0
276,2025-03-27,778555,MLB,MLB,WSH,120,PHI,WSH,R,Nationals Park,Jacob Young,696285,900.0,1,1,0,0,0,0,0,1,1,1,0,0,1,0,0,1
277,2025-03-27,778555,MLB,MLB,WSH,120,PHI,WSH,R,Nationals Park,Keibert Ruiz,660688,700.0,3,1,2,0,0,1,1,0,0,0,0,0,0,0,0,0
278,2025-03-27,778555,MLB,MLB,WSH,120,PHI,WSH,R,Nationals Park,Luis García Jr.,671277,300.0,4,0,2,0,0,0,1,1,0,0,1,0,0,0,0,0
279,2025-03-27,778558,MLB,MLB,CLE,114,CLE,KC,R,Kauffman Stadium,Jhonkensy Noel,678877,600.0,4,0,1,0,0,0,1,0,0,0,1,0,0,0,1,0
280,2025-03-27,778558,MLB,MLB,CLE,114,CLE,KC,R,Kauffman Stadium,Brayan Rocchio,677587,900.0,3,1,0,0,0,0,0,0,0,1,0,0,0,0,0,0
281,2025-03-27,778558,MLB,MLB,CLE,114,CLE,KC,R,Kauffman Stadium,Gabriel Arias,672356,800.0,4,1,1,1,0,0,0,0,0,0,1,0,0,0,0,1
282,2025-03-27,778558,MLB,MLB,CLE,114,CLE,KC,R,Kauffman Stadium,Paul Sewald,623149,,0,0,0,0,0,0,0,0,0,0,0,0,0,0,0,0
283,2025-03-27,778558,MLB,MLB,CLE,114,CLE,KC,R,Kauffman Stadium,Bo Naylor,666310,700.0,4,0,1,0,0,0,0,0,0,0,1,0,0,0,0,0
284,2025-03-27,778558,MLB,MLB,CLE,114,CLE,KC,R,Kauffman Stadium,José Ramírez,608070,200.0,4,0,0,0,0,0,1,0,0,0,0,0,0,0,1,0
285,2025-03-27,778558,MLB,MLB,CLE,114,CLE,KC,R,Kauffman Stadium,Steven Kwan,680757,100.0,4,1,2,1,0,0,1,0,0,0,0,0,0,1,0,0
286,2025-03-27,778558,MLB,MLB,CLE,114,CLE,KC,R,Kauffman Stadium,Kyle Manzardo,700932,500.0,4,2,3,1,1,1,4,0,0,1,1,0,0,0,0,0
287,2025-03-27,778558,MLB,MLB,CLE,114,CLE,KC,R,Kauffman Stadium,Lane Thomas,657041,300.0,5,0,1,0,0,0,0,0,0,0,0,0,0,0,0,0
288,2025-03-27,778558,MLB,MLB,CLE,114,CLE,KC,R,Kauffman Stadium,Carlos Santana,467793,400.0,4,2,1,0,0,0,0,0,0,1,1,1,0,0,0,0
289,2025-03-27,778558,MLB,MLB,KC,118,CLE,KC,R,Kauffman Stadium,Freddy Fermin,666023,301.0,0,1,0,0,0,0,0,0,0,0,0,0,0,0,0,0
290,2025-03-27,778558,MLB,MLB,KC,118,CLE,KC,R,Kauffman Stadium,Jonathan India,663697,100.0,4,0,0,0,0,0,0,0,0,0,0,0,0,0,0,0
291,2025-03-27,778558,MLB,MLB,KC,118,CLE,KC,R,Kauffman Stadium,Hunter Renfroe,592669,600.0,4,0,0,0,0,0,0,0,0,0,1,0,0,0,0,0
292,2025-03-27,778558,MLB,MLB,KC,118,CLE,KC,R,Kauffman Stadium,Salvador Perez,521692,400.0,4,0,1,0,0,0,0,0,0,0,2,0,0,0,0,0
293,2025-03-27,778558,MLB,MLB,KC,118,CLE,KC,R,Kauffman Stadium,Mark Canha,592192,802.0,1,0,0,0,0,0,0,0,0,0,1,0,0,0,0,0
294,2025-03-27,778558,MLB,MLB,KC,118,CLE,KC,R,Kauffman Stadium,MJ Melendez,669004,700.0,2,0,0,0,0,0,0,0,0,0,1,0,0,0,0,0
295,2025-03-27,778558,MLB,MLB,KC,118,CLE,KC,R,Kauffman Stadium,Michael Massey,686681,500.0,3,0,1,0,0,0,1,0,0,0,0,0,0,0,1,0
296,2025-03-27,778558,MLB,MLB,KC,118,CLE,KC,R,Kauffman Stadium,Cavan Biggio,624415,800.0,2,0,0,0,0,0,0,0,0,1,0,0,0,0,0,0
297,2025-03-27,778558,MLB,MLB,KC,118,CLE,KC,R,Kauffman Stadium,Dairon Blanco,680118,801.0,0,0,0,0,0,0,0,1,0,0,0,0,0,0,0,0
298,2025-03-27,778558,MLB,MLB,KC,118,CLE,KC,R,Kauffman Stadium,Vinnie Pasquantino,686469,300.0,4,1,2,1,0,1,3,0,0,0,0,0,0,0,0,0
299,2025-03-27,778558,MLB,MLB,KC,118,CLE,KC,R,Kauffman Stadium,Kyle Isbel,664728,900.0,3,1,1,1,0,0,0,0,0,0,0,0,0,0,0,0
300,2025-03-27,778558,MLB,MLB,KC,118,CLE,KC,R,Kauffman Stadium,Maikel Garcia,672580,701.0,2,0,1,0,0,0,0,0,0,0,1,0,0,0,0,0
301,2025-03-27,778558,MLB,MLB,KC,118,CLE,KC,R,Kauffman Stadium,Bobby Witt Jr.,677951,200.0,4,1,1,0,0,0,0,1,0,0,3,0,0,0,0,0
302,2025-03-27,778553,MLB,MLB,BOS,111,BOS,TEX,R,Globe Life Field,Connor Wong,657136,800.0,4,0,1,0,0,0,0,0,0,0,1,0,0,0,0,0
303,2025-03-27,778553,MLB,MLB,BOS,111,BOS,TEX,R,Globe Life Field,Alex Bregman,608324,300.0,4,0,0,0,0,0,0,0,0,0,1,0,0,0,0,0
304,2025-03-27,778553,MLB,MLB,BOS,111,BOS,TEX,R,Globe Life Field,Trevor Story,596115,500.0,3,1,0,0,0,0,0,1,0,1,2,0,0,0,0,0
305,2025-03-27,778553,MLB,MLB,BOS,111,BOS,TEX,R,Globe Life Field,Wilyer Abreu,677800,700.0,3,3,3,0,0,2,4,0,0,1,0,0,0,0,0,0
306,2025-03-27,778553,MLB,MLB,BOS,111,BOS,TEX,R,Globe Life Field,Kristian Campbell,692225,600.0,3,0,1,0,0,0,0,0,0,1,1,0,0,0,0,0
307,2025-03-27,778553,MLB,MLB,BOS,111,BOS,TEX,R,Globe Life Field,David Hamilton,666152,601.0,0,1,0,0,0,0,0,0,0,0,0,0,0,0,0,0
308,2025-03-27,778553,MLB,MLB,BOS,111,BOS,TEX,R,Globe Life Field,Rafael Devers,646240,200.0,4,0,0,0,0,0,0,0,0,0,3,0,0,0,0,0
309,2025-03-27,778553,MLB,MLB,BOS,111,BOS,TEX,R,Globe Life Field,Jarren Duran,680776,100.0,4,0,1,0,0,0,0,1,0,0,1,0,0,0,0,0
310,2025-03-27,778553,MLB,MLB,BOS,111,BOS,TEX,R,Globe Life Field,Ceddanne Rafaela,678882,900.0,4,0,0,0,0,0,1,0,0,0,2,0,0,0,0,0
311,2025-03-27,778553,MLB,MLB,BOS,111,BOS,TEX,R,Globe Life Field,Triston Casas,671213,400.0,4,0,0,0,0,0,0,0,0,0,2,0,0,0,0,0
312,2025-03-27,778553,MLB,MLB,TEX,140,BOS,TEX,R,Globe Life Field,Wyatt Langford,694671,300.0,3,0,1,0,0,0,0,0,0,1,0,0,0,0,0,0
313,2025-03-27,778553,MLB,MLB,TEX,140,BOS,TEX,R,Globe Life Field,Jake Burger,669394,500.0,3,1,0,0,0,0,0,0,0,1,0,0,0,0,0,0
314,2025-03-27,778553,MLB,MLB,TEX,140,BOS,TEX,R,Globe Life Field,Joc Pederson,592626,701.0,1,0,0,0,0,0,0,0,0,0,0,0,0,0,0,0
315,2025-03-27,778553,MLB,MLB,TEX,140,BOS,TEX,R,Globe Life Field,Corey Seager,608369,200.0,4,0,0,0,0,0,0,0,0,0,2,0,0,0,0,1
316,2025-03-27,778553,MLB,MLB,TEX,140,BOS,TEX,R,Globe Life Field,Marcus Semien,543760,100.0,4,0,1,0,0,0,0,0,0,0,2,0,0,0,0,0
317,2025-03-27,778553,MLB,MLB,TEX,140,BOS,TEX,R,Globe Life Field,Josh Jung,673962,600.0,4,0,2,0,0,0,0,0,0,0,1,0,0,0,0,0
318,2025-03-27,778553,MLB,MLB,TEX,140,BOS,TEX,R,Globe Life Field,Kyle Higashioka,543309,800.0,4,0,1,1,0,0,1,0,0,0,0,0,0,0,0,0
319,2025-03-27,778553,MLB,MLB,TEX,140,BOS,TEX,R,Globe Life Field,Josh Smith,669701,900.0,3,0,0,0,0,0,0,0,0,0,2,0,0,0,0,0
320,2025-03-27,778553,MLB,MLB,TEX,140,BOS,TEX,R,Globe Life Field,Kevin Pillar,607680,700.0,3,1,2,0,0,0,1,0,0,0,0,0,0,0,0,0
321,2025-03-27,778553,MLB,MLB,TEX,140,BOS,TEX,R,Globe Life Field,Adolis García,666969,400.0,4,0,0,0,0,0,0,0,0,0,0,0,0,0,0,0
322,2025-03-27,778551,MLB,MLB,MIN,142,MIN,STL,R,Busch Stadium,DaShawn Keirsey Jr.,680577,401.0,0,0,0,0,0,0,0,1,0,0,0,0,0,0,0,0
323,2025-03-27,778545,MLB,MLB,SD,135,ATL,SD,R,Petco Park,Martín Maldonado,455117,802.0,1,0,0,0,0,0,0,0,0,0,1,0,0,0,0,0
324,2025-03-27,778562,MLB,MLB,MIA,146,PIT,MIA,R,loanDepot park,Javier Sanoja,691594,901.0,0,1,0,0,0,0,0,0,0,0,0,0,0,0,0,0
325,2025-03-27,778551,MLB,MLB,STL,138,MIN,STL,R,Busch Stadium,Michael Siani,672279,601.0,0,0,0,0,0,0,0,0,0,0,0,0,0,0,0,0
326,2025-03-27,778551,MLB,MLB,STL,138,MIN,STL,R,Busch Stadium,Pedro Pagés,686780,701.0,0,0,0,0,0,0,0,0,0,0,0,0,0,0,0,0
327,2025-03-27,778552,MLB,MLB,ARI,109,CHC,ARI,R,Chase Field,Pavin Smith,656976,701.0,1,0,0,0,0,0,0,0,0,1,1,0,0,0,0,0
328,2025-03-27,778546,MLB,MLB,DET,116,DET,LAD,R,Dodger Stadium,Trey Sweeney,700242,501.0,1,0,0,0,0,0,0,0,0,0,1,0,0,0,0,0
329,2025-03-27,778546,MLB,MLB,DET,116,DET,LAD,R,Dodger Stadium,Zach McKinstry,656716,701.0,1,1,1,0,1,0,0,0,0,1,0,0,0,0,0,0
330,2025-03-27,778546,MLB,MLB,DET,116,DET,LAD,R,Dodger Stadium,Kerry Carpenter,681481,901.0,1,0,0,0,0,0,1,0,0,0,0,0,0,0,1,0
331,2025-03-28,778549,MLB,MLB,BAL,110,BAL,TOR,R,Rogers Centre,Jorge Mateo,622761,900.0,0,0,0,0,0,0,0,0,0,0,0,0,0,0,0,0
332,2025-03-28,778549,MLB,MLB,BAL,110,BAL,TOR,R,Rogers Centre,Adley Rutschman,668939,200.0,0,0,0,0,0,0,0,0,0,0,0,0,0,0,0,0
333,2025-03-28,778549,MLB,MLB,BAL,110,BAL,TOR,R,Rogers Centre,Ryan Mountcastle,663624,700.0,0,0,0,0,0,0,0,0,0,0,0,0,0,0,0,0
334,2025-03-28,778549,MLB,MLB,BAL,110,BAL,TOR,R,Rogers Centre,Tyler O'Neill,641933,500.0,0,0,0,0,0,0,0,0,0,0,0,0,0,0,0,0
335,2025-03-28,778549,MLB,MLB,BAL,110,BAL,TOR,R,Rogers Centre,Jordan Westburg,676059,300.0,0,0,0,0,0,0,0,0,0,0,0,0,0,0,0,0
336,2025-03-28,778549,MLB,MLB,BAL,110,BAL,TOR,R,Rogers Centre,Jackson Holliday,702616,800.0,0,0,0,0,0,0,0,0,0,0,0,0,0,0,0,0
337,2025-03-28,778549,MLB,MLB,BAL,110,BAL,TOR,R,Rogers Centre,Colton Cowser,681297,100.0,0,0,0,0,0,0,0,0,0,0,0,0,0,0,0,0
338,2025-03-28,778549,MLB,MLB,BAL,110,BAL,TOR,R,Rogers Centre,Ryan O'Hearn,656811,400.0,0,0,0,0,0,0,0,0,0,0,0,0,0,0,0,0
339,2025-03-28,778549,MLB,MLB,BAL,110,BAL,TOR,R,Rogers Centre,Charlie Morton,450203,,0,0,0,0,0,0,0,0,0,0,0,0,0,0,0,0
340,2025-03-28,778549,MLB,MLB,BAL,110,BAL,TOR,R,Rogers Centre,Cedric Mullins,656775,600.0,0,0,0,0,0,0,0,0,0,0,0,0,0,0,0,0
341,2025-03-28,778549,MLB,MLB,TOR,141,BAL,TOR,R,Rogers Centre,Bo Bichette,666182,100.0,0,0,0,0,0,0,0,0,0,0,0,0,0,0,0,0
342,2025-03-28,778549,MLB,MLB,TOR,141,BAL,TOR,R,Rogers Centre,Anthony Santander,623993,300.0,0,0,0,0,0,0,0,0,0,0,0,0,0,0,0,0
343,2025-03-28,778549,MLB,MLB,TOR,141,BAL,TOR,R,Rogers Centre,Andrés Giménez,665926,400.0,0,0,0,0,0,0,0,0,0,0,0,0,0,0,0,0
344,2025-03-28,778549,MLB,MLB,TOR,141,BAL,TOR,R,Rogers Centre,Kevin Gausman,592332,,0,0,0,0,0,0,0,0,0,0,0,0,0,0,0,0
345,2025-03-28,778549,MLB,MLB,TOR,141,BAL,TOR,R,Rogers Centre,Will Wagner,695238,700.0,0,0,0,0,0,0,0,0,0,0,0,0,0,0,0,0
346,2025-03-28,778549,MLB,MLB,TOR,141,BAL,TOR,R,Rogers Centre,Alan Roden,702176,900.0,0,0,0,0,0,0,0,0,0,0,0,0,0,0,0,0
347,2025-03-28,778549,MLB,MLB,TOR,141,BAL,TOR,R,Rogers Centre,Nathan Lukes,664770,800.0,0,0,0,0,0,0,0,0,0,0,0,0,0,0,0,0
348,2025-03-28,778549,MLB,MLB,TOR,141,BAL,TOR,R,Rogers Centre,George Springer,543807,600.0,0,0,0,0,0,0,0,0,0,0,0,0,0,0,0,0
349,2025-03-28,778549,MLB,MLB,TOR,141,BAL,TOR,R,Rogers Centre,Vladimir Guerrero Jr.,665489,200.0,0,0,0,0,0,0,0,0,0,0,0,0,0,0,0,0
350,2025-03-28,778549,MLB,MLB,TOR,141,BAL,TOR,R,Rogers Centre,Alejandro Kirk,672386,500.0,0,0,0,0,0,0,0,0,0,0,0,0,0,0,0,0
351,2025-03-28,778560,MLB,MLB,COL,115,COL,TB,R,George M. Steinbrenner Field,Michael Toglia,669911,500.0,0,0,0,0,0,0,0,0,0,0,0,0,0,0,0,0
352,2025-03-28,778560,MLB,MLB,COL,115,COL,TB,R,George M. Steinbrenner Field,Ryan McMahon,641857,300.0,0,0,0,0,0,0,0,0,0,0,0,0,0,0,0,0
353,2025-03-28,778560,MLB,MLB,COL,115,COL,TB,R,George M. Steinbrenner Field,Kris Bryant,592178,400.0,0,0,0,0,0,0,0,0,0,0,0,0,0,0,0,0
354,2025-03-28,778560,MLB,MLB,COL,115,COL,TB,R,George M. Steinbrenner Field,Kyle Freeland,607536,,0,0,0,0,0,0,0,0,0,0,0,0,0,0,0,0
355,2025-03-28,778560,MLB,MLB,COL,115,COL,TB,R,George M. Steinbrenner Field,Hunter Goodman,696100,600.0,0,0,0,0,0,0,0,0,0,0,0,0,0,0,0,0
356,2025-03-28,778560,MLB,MLB,COL,115,COL,TB,R,George M. Steinbrenner Field,Kyle Farmer,571657,800.0,0,0,0,0,0,0,0,0,0,0,0,0,0,0,0,0
357,2025-03-28,778560,MLB,MLB,COL,115,COL,TB,R,George M. Steinbrenner Field,Jordan Beck,687597,900.0,0,0,0,0,0,0,0,0,0,0,0,0,0,0,0,0
358,2025-03-28,778560,MLB,MLB,COL,115,COL,TB,R,George M. Steinbrenner Field,Brenton Doyle,686668,100.0,0,0,0,0,0,0,0,0,0,0,0,0,0,0,0,0
359,2025-03-28,778560,MLB,MLB,COL,115,COL,TB,R,George M. Steinbrenner Field,Nick Martini,605361,700.0,0,0,0,0,0,0,0,0,0,0,0,0,0,0,0,0
360,2025-03-28,778560,MLB,MLB,COL,115,COL,TB,R,George M. Steinbrenner Field,Ezequiel Tovar,678662,200.0,0,0,0,0,0,0,0,0,0,0,0,0,0,0,0,0
361,2025-03-28,778560,MLB,MLB,TB,139,COL,TB,R,George M. Steinbrenner Field,Taylor Walls,670764,900.0,0,0,0,0,0,0,0,0,0,0,0,0,0,0,0,0
362,2025-03-28,778560,MLB,MLB,TB,139,COL,TB,R,George M. Steinbrenner Field,Brandon Lowe,664040,300.0,0,0,0,0,0,0,0,0,0,0,0,0,0,0,0,0
363,2025-03-28,778560,MLB,MLB,TB,139,COL,TB,R,George M. Steinbrenner Field,Christopher Morel,666624,500.0,0,0,0,0,0,0,0,0,0,0,0,0,0,0,0,0
364,2025-03-28,778560,MLB,MLB,TB,139,COL,TB,R,George M. Steinbrenner Field,Ryan Pepiot,686752,,0,0,0,0,0,0,0,0,0,0,0,0,0,0,0,0
365,2025-03-28,778560,MLB,MLB,TB,139,COL,TB,R,George M. Steinbrenner Field,Jonny DeLuca,676356,800.0,0,0,0,0,0,0,0,0,0,0,0,0,0,0,0,0
366,2025-03-28,778560,MLB,MLB,TB,139,COL,TB,R,George M. Steinbrenner Field,Curtis Mead,678554,100.0,0,0,0,0,0,0,0,0,0,0,0,0,0,0,0,0
367,2025-03-28,778560,MLB,MLB,TB,139,COL,TB,R,George M. Steinbrenner Field,Josh Lowe,666139,700.0,0,0,0,0,0,0,0,0,0,0,0,0,0,0,0,0
368,2025-03-28,778560,MLB,MLB,TB,139,COL,TB,R,George M. Steinbrenner Field,Danny Jansen,643376,600.0,0,0,0,0,0,0,0,0,0,0,0,0,0,0,0,0
369,2025-03-28,778560,MLB,MLB,TB,139,COL,TB,R,George M. Steinbrenner Field,Yandy Díaz,650490,200.0,0,0,0,0,0,0,0,0,0,0,0,0,0,0,0,0
370,2025-03-28,778560,MLB,MLB,TB,139,COL,TB,R,George M. Steinbrenner Field,Junior Caminero,691406,400.0,0,0,0,0,0,0,0,0,0,0,0,0,0,0,0,0
